resultId,raceId,driverId,constructorId,number,grid,position,positionText,positionOrder,points,laps,time,milliseconds,fastestLap,fastestLapTime,statusId,status_supercategory
1,1061,830,9,33,2,1.0,1,1,3,17,25:38.426,1538426.0,14.0,1:30.013,1,Término Competitivo
2,1061,1,131,44,1,2.0,2,2,2,17,+1.430,1539856.0,17.0,1:29.937,1,Término Competitivo
3,1061,822,131,77,3,3.0,3,3,1,17,+7.502,1545928.0,17.0,1:29.958,1,Término Competitivo
4,1061,844,6,16,4,4.0,4,4,0,17,+11.278,1549704.0,16.0,1:30.163,1,Término Competitivo
5,1061,846,1,4,6,5.0,5,5,0,17,+24.111,1562537.0,16.0,1:30.566,1,Término Competitivo
6,1061,817,1,3,7,6.0,6,6,0,17,+30.959,1569385.0,17.0,1:30.640,1,Término Competitivo
7,1061,4,214,14,11,7.0,7,7,0,17,+43.527,1581953.0,17.0,1:31.773,1,Término Competitivo
8,1061,20,117,5,10,8.0,8,8,0,17,+44.439,1582865.0,17.0,1:31.687,1,Término Competitivo
9,1061,847,3,63,8,9.0,9,9,0,17,+46.652,1585078.0,17.0,1:32.208,1,Término Competitivo
10,1061,839,214,31,13,10.0,10,10,0,17,+47.395,1585821.0,16.0,1:32.183,1,Término Competitivo
11,1061,832,6,55,9,11.0,11,11,0,17,+47.798,1586224.0,10.0,1:31.991,1,Término Competitivo
12,1061,842,213,10,12,12.0,12,12,0,17,+48.763,1587189.0,17.0,1:32.072,1,Término Competitivo
13,1061,8,51,7,17,13.0,13,13,0,17,+50.677,1589103.0,12.0,1:32.139,1,Término Competitivo
14,1061,840,117,18,15,14.0,14,14,0,17,+52.179,1590605.0,12.0,1:32.210,1,Término Competitivo
15,1061,841,51,99,14,15.0,15,15,0,17,+53.225,1591651.0,14.0,1:32.457,1,Término Competitivo
16,1061,852,213,22,16,16.0,16,16,0,17,+53.567,1591993.0,14.0,1:32.270,1,Término Competitivo
17,1061,849,3,6,18,17.0,17,17,0,17,+55.162,1593588.0,17.0,1:32.143,1,Término Competitivo
18,1061,854,210,47,19,18.0,18,18,0,17,+1:08.213,1606639.0,15.0,1:32.567,1,Término Competitivo
19,1061,853,210,9,20,19.0,19,19,0,17,+1:17.648,1616074.0,3.0,1:33.462,1,Término Competitivo
20,1061,815,9,11,5,,R,20,0,16,,,6.0,1:31.465,76,Falha Mecânica
21,1065,822,131,77,1,1.0,1,1,3,18,27:54.078,1674078.0,9.0,1:23.540,1,Término Competitivo
22,1065,830,9,33,3,2.0,2,2,2,18,+2.325,1676403.0,9.0,1:23.502,1,Término Competitivo
23,1065,817,1,3,5,3.0,3,3,1,18,+14.534,1688612.0,17.0,1:24.291,1,Término Competitivo
24,1065,846,1,4,4,4.0,4,4,0,18,+18.835,1692913.0,9.0,1:24.554,1,Término Competitivo
25,1065,1,131,44,2,5.0,5,5,0,18,+20.011,1694089.0,9.0,1:24.253,1,Término Competitivo
26,1065,844,6,16,8,6.0,6,6,0,18,+23.442,1697520.0,18.0,1:24.677,1,Término Competitivo
27,1065,832,6,55,7,7.0,7,7,0,18,+27.952,1702030.0,8.0,1:24.918,1,Término Competitivo
28,1065,841,51,99,10,8.0,8,8,0,18,+31.089,1705167.0,10.0,1:25.126,1,Término Competitivo
29,1065,815,9,11,9,9.0,9,9,0,18,+31.680,1705758.0,12.0,1:24.211,1,Término Competitivo
30,1065,840,117,18,12,10.0,10,10,0,18,+38.671,1712749.0,8.0,1:25.349,1,Término Competitivo
31,1065,4,214,14,13,11.0,11,11,0,18,+39.795,1713873.0,8.0,1:25.225,1,Término Competitivo
32,1065,20,117,5,11,12.0,12,12,0,18,+41.177,1715255.0,8.0,1:25.493,1,Término Competitivo
33,1065,839,214,31,14,13.0,13,13,0,18,+43.373,1717451.0,8.0,1:25.613,1,Término Competitivo
34,1065,849,3,6,16,14.0,14,14,0,18,+45.977,1720055.0,9.0,1:25.711,1,Término Competitivo
35,1065,847,3,63,15,15.0,15,15,0,18,+46.821,1720899.0,15.0,1:25.835,1,Término Competitivo
36,1065,852,213,22,17,16.0,16,16,0,18,+49.977,1724055.0,18.0,1:25.847,1,Término Competitivo
37,1065,853,210,9,20,17.0,17,17,0,18,+1:02.599,1736677.0,7.0,1:26.613,1,Término Competitivo
38,1065,9,51,88,19,18.0,18,18,0,18,+1:05.096,1739174.0,12.0,1:26.772,1,Término Competitivo
39,1065,854,210,47,18,19.0,19,19,0,18,+1:06.154,1740232.0,7.0,1:26.819,1,Término Competitivo
40,1065,842,213,10,6,,R,20,0,0,,,,,3,Incidente de Piloto
41,1071,822,131,77,2,1.0,1,1,3,24,29:09.559,1749559.0,8.0,1:12.300,1,Término Competitivo
42,1071,830,9,33,1,2.0,2,2,2,24,+1.170,1750729.0,9.0,1:12.114,1,Término Competitivo
43,1071,832,6,55,5,3.0,3,3,1,24,+18.723,1768282.0,13.0,1:13.167,1,Término Competitivo
44,1071,815,9,11,3,4.0,4,4,0,24,+19.787,1769346.0,13.0,1:13.110,1,Término Competitivo
45,1071,1,131,44,20,5.0,5,5,0,24,+20.872,1770431.0,5.0,1:12.357,1,Término Competitivo
46,1071,846,1,4,7,6.0,6,6,0,24,+22.558,1772117.0,8.0,1:12.994,1,Término Competitivo
47,1071,844,6,16,6,7.0,7,7,0,24,+25.056,1774615.0,4.0,1:13.140,1,Término Competitivo
48,1071,842,213,10,4,8.0,8,8,0,24,+34.158,1783717.0,4.0,1:13.342,1,Término Competitivo
49,1071,839,214,31,10,9.0,9,9,0,24,+34.632,1784191.0,11.0,1:13.615,1,Término Competitivo
50,1071,20,117,5,11,10.0,10,10,0,24,+34.867,1784426.0,5.0,1:13.558,1,Término Competitivo
51,1071,817,1,3,8,11.0,11,11,0,24,+35.869,1785428.0,9.0,1:13.463,1,Término Competitivo
52,1071,4,214,14,9,12.0,12,12,0,24,+36.578,1786137.0,4.0,1:13.397,1,Término Competitivo
53,1071,841,51,99,14,13.0,13,13,0,24,+41.880,1791439.0,11.0,1:13.627,1,Término Competitivo
54,1071,840,117,18,15,14.0,14,14,0,24,+44.037,1793596.0,9.0,1:13.666,1,Término Competitivo
55,1071,852,213,22,12,15.0,15,15,0,24,+46.150,1795709.0,11.0,1:13.747,1,Término Competitivo
56,1071,849,3,6,16,16.0,16,16,0,24,+46.760,1796319.0,7.0,1:13.934,1,Término Competitivo
57,1071,847,3,63,17,17.0,17,17,0,24,+47.739,1797298.0,14.0,1:14.056,1,Término Competitivo
58,1071,8,51,7,13,18.0,18,18,0,24,+50.014,1799573.0,9.0,1:13.900,1,Término Competitivo
59,1071,854,210,47,18,19.0,19,19,0,24,+1:01.680,1811239.0,9.0,1:14.387,1,Término Competitivo
60,1071,853,210,9,19,20.0,20,20,0,24,+1:07.474,1817033.0,6.0,1:14.583,1,Término Competitivo
61,1077,830,9,1,1,1.0,1,1,8,21,30:39.567,1839567.0,14.0,1:19.154,1,Término Competitivo
62,1077,844,6,16,2,2.0,2,2,7,21,+2.975,1842542.0,11.0,1:19.044,1,Término Competitivo
63,1077,815,9,11,7,3.0,3,3,6,21,+4.721,1844288.0,14.0,1:19.012,1,Término Competitivo
64,1077,832,6,55,10,4.0,4,4,5,21,+17.578,1857145.0,14.0,1:19.251,1,Término Competitivo
65,1077,846,1,4,3,5.0,5,5,4,21,+24.561,1864128.0,9.0,1:20.030,1,Término Competitivo
66,1077,817,1,3,6,6.0,6,6,3,21,+27.740,1867307.0,12.0,1:20.328,1,Término Competitivo
67,1077,822,51,77,8,7.0,7,7,2,21,+28.133,1867700.0,9.0,1:20.219,1,Término Competitivo
68,1077,825,210,20,4,8.0,8,8,1,21,+30.712,1870279.0,6.0,1:20.557,1,Término Competitivo
69,1077,4,214,14,5,9.0,9,9,0,21,+32.278,1871845.0,10.0,1:20.639,1,Término Competitivo
70,1077,854,210,47,12,10.0,10,10,0,21,+33.773,1873340.0,15.0,1:20.567,1,Término Competitivo
71,1077,847,131,63,11,11.0,11,11,0,21,+36.284,1875851.0,19.0,1:20.756,1,Término Competitivo
72,1077,852,213,22,16,12.0,12,12,0,21,+38.298,1877865.0,20.0,1:20.909,1,Término Competitivo
73,1077,20,117,5,9,13.0,13,13,0,21,+40.177,1879744.0,8.0,1:21.044,1,Término Competitivo
74,1077,1,131,44,13,14.0,14,14,0,21,+41.459,1881026.0,9.0,1:20.663,1,Término Competitivo
75,1077,840,117,18,15,15.0,15,15,0,21,+42.910,1882477.0,14.0,1:20.948,1,Término Competitivo
76,1077,839,214,31,19,16.0,16,16,0,21,+43.517,1883084.0,14.0,1:20.995,1,Término Competitivo
77,1077,842,213,10,17,17.0,17,17,0,21,+43.794,1883361.0,18.0,1:20.599,1,Término Competitivo
78,1077,848,3,23,20,18.0,18,18,0,21,+48.871,1888438.0,14.0,1:21.020,1,Término Competitivo
79,1077,849,3,6,18,19.0,19,19,0,21,+52.017,1891584.0,16.0,1:21.437,1,Término Competitivo
80,1077,855,51,24,0,,R,20,0,0,,,,,31,Procedimento/Regulamentação
81,1084,830,9,1,1,1.0,1,1,8,23,26:30.059,1590059.0,5.0,1:08.455,1,Término Competitivo
82,1084,844,6,16,2,2.0,2,2,7,23,+1.675,1591734.0,4.0,1:08.321,1,Término Competitivo
83,1084,832,6,55,3,3.0,3,3,6,23,+5.644,1595703.0,4.0,1:08.409,1,Término Competitivo
84,1084,847,131,63,4,4.0,4,4,5,23,+13.429,1603488.0,4.0,1:08.979,1,Término Competitivo
85,1084,815,9,11,13,5.0,5,5,4,23,+18.302,1608361.0,14.0,1:09.137,1,Término Competitivo
86,1084,839,214,31,5,6.0,6,6,3,23,+31.032,1621091.0,4.0,1:09.384,1,Término Competitivo
87,1084,825,210,20,6,7.0,7,7,2,23,+34.539,1624598.0,4.0,1:09.232,1,Término Competitivo
88,1084,1,131,44,9,8.0,8,8,1,23,+35.447,1625506.0,7.0,1:09.516,1,Término Competitivo
89,1084,854,210,47,7,9.0,9,9,0,23,+37.163,1627222.0,4.0,1:09.457,1,Término Competitivo
90,1084,822,51,77,12,10.0,10,10,0,23,+37.557,1627616.0,4.0,1:09.674,1,Término Competitivo
91,1084,846,1,4,15,11.0,11,11,0,23,+38.580,1628639.0,8.0,1:09.909,1,Término Competitivo
92,1084,817,1,3,16,12.0,12,12,0,23,+39.738,1629797.0,8.0,1:09.996,1,Término Competitivo
93,1084,840,117,18,17,13.0,13,13,0,23,+48.241,1638300.0,4.0,1:10.295,1,Término Competitivo
94,1084,855,51,24,18,14.0,14,14,0,23,+50.753,1640812.0,11.0,1:10.165,1,Término Competitivo
95,1084,842,213,10,10,15.0,15,15,0,23,+52.125,1642184.0,4.0,1:10.409,1,Término Competitivo
96,1084,848,3,23,11,16.0,16,16,0,23,+52.412,1642471.0,5.0,1:10.367,1,Término Competitivo
97,1084,852,213,22,14,17.0,17,17,0,23,+54.556,1644615.0,4.0,1:10.267,1,Término Competitivo
98,1084,849,3,6,19,18.0,18,18,0,23,+1:08.694,1658753.0,4.0,1:10.284,1,Término Competitivo
99,1084,20,117,5,20,19.0,19,19,0,21,,,4.0,1:10.317,130,Incidente de Piloto
100,1084,4,214,14,8,,N,20,0,0,,,,,10,Falha Mecânica
101,1095,847,131,63,3,1.0,1,1,8,24,30:11.307,1811307.0,4.0,1:14.233,1,Término Competitivo
102,1095,832,6,55,5,2.0,2,2,7,24,+3.995,1815302.0,2.0,1:14.522,1,Término Competitivo
103,1095,1,131,44,8,3.0,3,3,6,24,+4.492,1815799.0,3.0,1:14.317,1,Término Competitivo
104,1095,830,9,1,2,4.0,4,4,5,24,+10.494,1821801.0,5.0,1:14.507,1,Término Competitivo
105,1095,815,9,11,9,5.0,5,5,4,24,+11.855,1823162.0,5.0,1:14.699,1,Término Competitivo
106,1095,844,6,16,10,6.0,6,6,3,24,+13.133,1824440.0,4.0,1:15.236,1,Término Competitivo
107,1095,846,1,4,4,7.0,7,7,2,24,+25.624,1836931.0,4.0,1:15.380,1,Término Competitivo
108,1095,825,210,20,1,8.0,8,8,1,24,+28.768,1840075.0,2.0,1:15.110,1,Término Competitivo
109,1095,20,117,5,13,9.0,9,9,0,24,+30.218,1841525.0,4.0,1:15.451,1,Término Competitivo
110,1095,842,213,10,12,10.0,10,10,0,24,+34.170,1845477.0,3.0,1:15.290,1,Término Competitivo
111,1095,817,1,3,14,11.0,11,11,0,24,+39.395,1850702.0,5.0,1:15.385,1,Término Competitivo
112,1095,854,210,47,20,12.0,12,12,0,24,+41.159,1852466.0,5.0,1:15.771,1,Término Competitivo
113,1095,855,51,24,17,13.0,13,13,0,24,+41.763,1853070.0,7.0,1:15.765,1,Término Competitivo
114,1095,822,51,77,18,14.0,14,14,0,24,+42.338,1853645.0,8.0,1:15.980,1,Término Competitivo
115,1095,852,213,22,19,15.0,15,15,0,24,+50.306,1861613.0,4.0,1:16.413,1,Término Competitivo
116,1095,840,117,18,15,16.0,16,16,0,24,+50.700,1862007.0,4.0,1:15.425,1,Término Competitivo
117,1095,839,214,31,6,17.0,17,17,0,24,+51.756,1863063.0,5.0,1:16.097,1,Término Competitivo
118,1095,4,214,14,7,18.0,18,18,0,24,+53.985,1865292.0,5.0,1:14.764,1,Término Competitivo
119,1095,849,3,6,16,19.0,19,19,0,24,+1:16.850,1888157.0,4.0,1:16.525,1,Término Competitivo
120,1095,848,3,23,11,,R,20,0,12,,,4.0,1:15.998,31,Procedimento/Regulamentação
121,1101,815,9,11,2,1.0,1,1,8,17,33:17.667,1997667.0,11.0,1:43.616,1,Término Competitivo
122,1101,844,6,16,1,2.0,2,2,7,17,+4.463,2002130.0,12.0,1:43.646,1,Término Competitivo
123,1101,830,9,1,3,3.0,3,3,6,17,+5.065,2002732.0,10.0,1:43.723,1,Término Competitivo
124,1101,847,131,63,4,4.0,4,4,5,17,+3.467,2001134.0,10.0,1:44.409,1,Término Competitivo
125,1101,832,6,55,5,5.0,5,5,4,17,+10.388,2008055.0,11.0,1:44.398,1,Término Competitivo
126,1101,4,117,14,8,6.0,6,6,3,17,+11.613,2009280.0,12.0,1:44.544,1,Término Competitivo
127,1101,1,131,44,6,7.0,7,7,2,17,+4.890,2002557.0,8.0,1:44.601,1,Término Competitivo
128,1101,840,117,18,9,8.0,8,8,1,17,+18.417,2016084.0,14.0,1:44.855,1,Término Competitivo
129,1101,848,3,23,7,9.0,9,9,0,17,+21.757,2019424.0,10.0,1:44.915,1,Término Competitivo
130,1101,857,1,81,11,10.0,10,10,0,17,+22.851,2020518.0,8.0,1:44.776,1,Término Competitivo
131,1101,825,210,20,13,11.0,11,11,0,17,+27.990,2025657.0,14.0,1:45.349,1,Término Competitivo
132,1101,855,51,24,14,12.0,12,12,0,17,+34.602,2032269.0,16.0,1:45.766,1,Término Competitivo
133,1101,842,214,10,17,13.0,13,13,0,17,+36.918,2034585.0,12.0,1:45.883,1,Término Competitivo
134,1101,856,213,21,18,14.0,14,14,0,17,+41.626,2039293.0,17.0,1:45.768,1,Término Competitivo
135,1101,807,210,27,12,15.0,15,15,0,17,+48.587,2046254.0,8.0,1:45.971,1,Término Competitivo
136,1101,822,51,77,15,16.0,16,16,0,17,+49.917,2047584.0,9.0,1:46.277,1,Término Competitivo
137,1101,846,1,4,10,17.0,17,17,0,17,+51.104,2048771.0,15.0,1:44.484,1,Término Competitivo
138,1101,839,214,31,0,18.0,18,18,0,17,+1:00.621,2058288.0,15.0,1:45.090,1,Término Competitivo
139,1101,852,213,22,16,,R,19,0,2,,,,,130,Incidente de Piloto
140,1101,858,3,2,0,,W,20,0,0,,,,,3,Incidente de Piloto
141,1107,830,9,1,1,1.0,1,1,8,24,30:26.730,1826730.0,19.0,1:14.292,1,Término Competitivo
142,1107,815,9,11,2,2.0,2,2,7,24,+21.048,1847778.0,16.0,1:15.492,1,Término Competitivo
143,1107,832,6,55,5,3.0,3,3,6,24,+23.088,1849818.0,16.0,1:15.457,1,Término Competitivo
144,1107,840,117,18,7,4.0,4,4,5,24,+29.703,1856433.0,23.0,1:15.531,1,Término Competitivo
145,1107,4,117,14,6,5.0,5,5,4,24,+30.109,1856839.0,18.0,1:14.978,1,Término Competitivo
146,1107,807,210,27,4,6.0,6,6,3,24,+31.297,1858027.0,24.0,1:10.180,1,Término Competitivo
147,1107,839,214,31,8,7.0,7,7,2,24,+36.602,1863332.0,22.0,1:15.512,1,Término Competitivo
148,1107,847,131,63,15,8.0,8,8,1,24,+36.611,1863341.0,23.0,1:10.385,1,Término Competitivo
149,1107,846,1,4,3,9.0,9,9,0,24,+38.608,1865338.0,19.0,1:15.627,1,Término Competitivo
150,1107,1,131,44,18,10.0,10,10,0,24,+46.375,1873105.0,24.0,1:10.775,1,Término Competitivo
151,1107,857,1,81,17,11.0,11,11,0,24,+49.807,1876537.0,24.0,1:10.274,1,Término Competitivo
152,1107,844,6,16,9,12.0,12,12,0,24,+50.789,1877519.0,24.0,1:10.686,1,Término Competitivo
153,1107,848,3,23,11,13.0,13,13,0,24,+52.848,1879578.0,24.0,1:11.635,1,Término Competitivo
154,1107,825,210,20,10,14.0,14,14,0,24,+56.593,1883323.0,23.0,1:10.539,1,Término Competitivo
155,1107,842,214,10,12,15.0,15,15,0,24,+57.652,1884382.0,22.0,1:16.109,1,Término Competitivo
156,1107,852,213,22,13,16.0,16,16,0,24,+1:04.822,1891552.0,23.0,1:11.363,1,Término Competitivo
157,1107,856,213,21,14,17.0,17,17,0,24,+1:05.617,1892347.0,22.0,1:11.701,1,Término Competitivo
158,1107,858,3,2,20,18.0,18,18,0,24,+1:06.059,1892789.0,21.0,1:11.829,1,Término Competitivo
159,1107,855,51,24,16,19.0,19,19,0,24,+1:10.825,1897555.0,22.0,1:11.305,1,Término Competitivo
160,1107,822,51,77,0,20.0,20,20,0,24,+1:16.435,1903165.0,22.0,1:16.758,1,Término Competitivo
161,1110,830,9,1,1,1.0,1,1,8,11,24:58.433,1498433.0,6.0,1:58.943,1,Término Competitivo
162,1110,857,1,81,2,2.0,2,2,7,11,+6.677,1505110.0,2.0,2:00.360,1,Término Competitivo
163,1110,842,214,10,6,3.0,3,3,6,11,+10.733,1509166.0,6.0,2:01.857,1,Término Competitivo
164,1110,832,6,55,3,4.0,4,4,5,11,+12.648,1511081.0,7.0,2:01.472,1,Término Competitivo
165,1110,844,6,16,4,5.0,5,5,4,11,+15.016,1513449.0,7.0,2:02.635,1,Término Competitivo
166,1110,846,1,4,5,6.0,6,6,3,11,+16.052,1514485.0,8.0,2:02.085,1,Término Competitivo
167,1110,1,131,44,7,7.0,7,7,2,11,+16.757,1515190.0,7.0,2:00.920,1,Término Competitivo
168,1110,847,131,63,10,8.0,8,8,1,11,+16.822,1515255.0,10.0,2:01.935,1,Término Competitivo
169,1110,839,214,31,9,9.0,9,9,0,11,+22.410,1520843.0,6.0,2:03.061,1,Término Competitivo
170,1110,817,213,3,11,10.0,10,10,0,11,+22.806,1521239.0,8.0,2:02.967,1,Término Competitivo
171,1110,840,117,18,14,11.0,11,11,0,11,+25.007,1523440.0,6.0,2:03.356,1,Término Competitivo
172,1110,848,3,23,12,12.0,12,12,0,11,+26.303,1524736.0,6.0,2:03.674,1,Término Competitivo
173,1110,822,51,77,17,13.0,13,13,0,11,+27.006,1525439.0,6.0,2:03.595,1,Término Competitivo
174,1110,825,210,20,18,14.0,14,14,0,11,+32.986,1531419.0,6.0,2:03.965,1,Término Competitivo
175,1110,855,51,24,19,15.0,15,15,0,11,+36.342,1534775.0,6.0,2:04.760,1,Término Competitivo
176,1110,858,3,2,13,16.0,16,16,0,11,+37.571,1536004.0,6.0,2:03.482,1,Término Competitivo
177,1110,807,210,27,20,17.0,17,17,0,11,+37.827,1536260.0,6.0,2:03.472,1,Término Competitivo
178,1110,852,213,22,16,18.0,18,18,0,11,+39.267,1537700.0,7.0,2:02.080,1,Término Competitivo
179,1110,815,9,11,8,,R,19,0,8,,,2.0,2:02.516,130,Incidente de Piloto
180,1110,4,117,14,15,,R,20,0,2,,,,,3,Incidente de Piloto
181,1115,857,1,81,1,1.0,1,1,8,19,35:01.297,2101297.0,17.0,1:25.926,1,Término Competitivo
182,1115,830,9,1,3,2.0,2,2,7,19,+1.871,2103168.0,17.0,1:25.604,1,Término Competitivo
183,1115,846,1,4,2,3.0,3,3,6,19,+8.497,2109794.0,19.0,1:25.662,1,Término Competitivo
184,1115,847,131,63,4,4.0,4,4,5,19,+11.036,2112333.0,18.0,1:27.220,1,Término Competitivo
185,1115,1,131,44,12,5.0,5,5,4,19,+17.314,2118611.0,19.0,1:27.968,1,Término Competitivo
186,1115,832,6,55,5,6.0,6,6,3,19,+18.806,2120103.0,7.0,1:28.644,1,Término Competitivo
187,1115,848,3,23,17,7.0,7,7,2,19,+19.864,2121161.0,16.0,1:28.717,1,Término Competitivo
188,1115,4,117,14,9,8.0,8,8,1,19,+21.180,2122477.0,16.0,1:28.717,1,Término Competitivo
189,1115,842,214,10,11,9.0,9,9,0,19,+21.742,2123039.0,16.0,1:28.769,1,Término Competitivo
190,1115,822,51,77,13,10.0,10,10,0,19,+22.208,2123505.0,17.0,1:29.017,1,Término Competitivo
191,1115,852,213,22,18,11.0,11,11,0,19,+22.863,2124160.0,17.0,1:29.381,1,Término Competitivo
192,1115,844,6,16,6,12.0,12,12,0,19,+24.860,2126157.0,8.0,1:28.759,1,Término Competitivo
193,1115,840,117,18,16,13.0,13,13,0,19,+24.523,2125820.0,17.0,1:29.536,1,Término Competitivo
194,1115,825,210,20,19,14.0,14,14,0,19,+24.970,2126267.0,17.0,1:29.560,1,Término Competitivo
195,1115,855,51,24,15,15.0,15,15,0,19,+26.868,2128165.0,17.0,1:29.553,1,Término Competitivo
196,1115,807,210,27,7,,R,16,0,11,,,9.0,1:29.307,31,Procedimento/Regulamentação
197,1115,839,214,31,10,,R,17,0,10,,,8.0,1:29.388,31,Procedimento/Regulamentação
198,1115,815,9,11,8,,R,18,0,10,,,9.0,1:28.584,31,Procedimento/Regulamentação
199,1115,858,3,2,20,,R,19,0,2,,,2.0,2:03.562,31,Procedimento/Regulamentação
200,1115,859,213,40,14,,R,20,0,0,,,,,31,Procedimento/Regulamentação
201,1116,830,9,1,1,1.0,1,1,8,19,31:30.849,1890849.0,2.0,1:39.060,1,Término Competitivo
202,1116,1,131,44,3,2.0,2,2,7,19,+9.465,1900314.0,3.0,1:39.138,1,Término Competitivo
203,1116,844,6,16,2,3.0,3,3,6,19,+17.987,1908836.0,3.0,1:39.634,1,Término Competitivo
204,1116,846,1,4,4,4.0,4,4,5,19,+18.863,1909712.0,15.0,1:39.795,1,Término Competitivo
205,1116,815,9,11,7,5.0,5,5,4,19,+22.928,1913777.0,6.0,1:39.824,1,Término Competitivo
206,1116,832,6,55,6,6.0,6,6,3,19,+28.307,1919156.0,5.0,1:40.223,1,Término Competitivo
207,1116,842,214,10,9,7.0,7,7,2,19,+32.403,1923252.0,5.0,1:40.155,1,Término Competitivo
208,1116,847,131,63,11,8.0,8,8,1,19,+34.250,1925099.0,10.0,1:40.253,1,Término Competitivo
209,1116,848,3,23,8,9.0,9,9,0,19,+34.567,1925416.0,17.0,1:40.094,1,Término Competitivo
210,1116,857,1,81,5,10.0,10,10,0,19,+42.403,1933252.0,16.0,1:41.037,1,Término Competitivo
211,1116,839,214,31,13,11.0,11,11,0,19,+44.986,1935835.0,15.0,1:41.013,1,Término Competitivo
212,1116,817,213,3,10,12.0,12,12,0,19,+45.509,1936358.0,14.0,1:40.434,1,Término Competitivo
213,1116,4,117,14,12,13.0,13,13,0,19,+49.086,1939935.0,16.0,1:40.805,1,Término Competitivo
214,1116,852,213,22,19,14.0,14,14,0,19,+49.733,1940582.0,17.0,1:40.632,1,Término Competitivo
215,1116,807,210,27,16,15.0,15,15,0,19,+56.650,1947499.0,18.0,1:41.232,1,Término Competitivo
216,1116,822,51,77,18,16.0,16,16,0,19,+1:04.401,1955250.0,18.0,1:41.503,1,Término Competitivo
217,1116,855,51,24,15,17.0,17,17,0,19,+1:07.972,1958821.0,18.0,1:41.595,1,Término Competitivo
218,1116,825,210,20,17,18.0,18,18,0,19,+1:11.122,1961971.0,3.0,1:41.699,1,Término Competitivo
219,1116,858,3,2,20,19.0,19,19,0,19,+1:11.449,1962298.0,6.0,1:41.947,1,Término Competitivo
220,1116,840,117,18,14,,R,20,0,16,,,5.0,1:41.460,23,Falha Mecânica
221,1118,830,9,1,2,1.0,1,1,8,24,30:07.209,1807209.0,3.0,1:14.540,1,Término Competitivo
222,1118,846,1,4,1,2.0,2,2,7,24,+4.287,1811496.0,3.0,1:14.647,1,Término Competitivo
223,1118,815,9,11,3,3.0,3,3,6,24,+13.617,1820826.0,2.0,1:15.008,1,Término Competitivo
224,1118,847,131,63,4,4.0,4,4,5,24,+25.879,1833088.0,2.0,1:14.422,1,Término Competitivo
225,1118,844,6,16,7,5.0,5,5,4,24,+28.560,1835769.0,3.0,1:15.411,1,Término Competitivo
226,1118,852,213,22,6,6.0,6,6,3,24,+29.210,1836419.0,2.0,1:15.532,1,Término Competitivo
227,1118,1,131,44,5,7.0,7,7,2,24,+34.726,1841935.0,2.0,1:15.276,1,Término Competitivo
228,1118,832,6,55,9,8.0,8,8,1,24,+35.106,1842315.0,3.0,1:15.362,1,Término Competitivo
229,1118,817,213,3,8,9.0,9,9,0,24,+35.303,1842512.0,2.0,1:15.460,1,Término Competitivo
230,1118,857,1,81,10,10.0,10,10,0,24,+38.219,1845428.0,2.0,1:15.463,1,Término Competitivo
231,1118,4,117,14,15,11.0,11,11,0,24,+39.061,1846270.0,4.0,1:15.477,1,Término Competitivo
232,1118,840,117,18,17,12.0,12,12,0,24,+39.478,1846687.0,3.0,1:15.467,1,Término Competitivo
233,1118,842,214,10,13,13.0,13,13,0,24,+40.621,1847830.0,3.0,1:15.209,1,Término Competitivo
234,1118,839,214,31,16,14.0,14,14,0,24,+42.848,1850057.0,3.0,1:15.536,1,Término Competitivo
235,1118,848,3,23,19,15.0,15,15,0,24,+43.394,1850603.0,3.0,1:15.598,1,Término Competitivo
236,1118,825,210,20,11,16.0,16,16,0,24,+56.507,1863716.0,3.0,1:15.464,1,Término Competitivo
237,1118,855,51,24,18,17.0,17,17,0,24,+58.723,1865932.0,3.0,1:15.837,1,Término Competitivo
238,1118,807,210,27,12,18.0,18,18,0,24,+1:00.330,1867539.0,3.0,1:15.472,1,Término Competitivo
239,1118,822,51,77,14,19.0,19,19,0,24,+1:00.749,1867958.0,3.0,1:15.738,1,Término Competitivo
240,1118,858,3,2,20,20.0,20,20,0,24,+1:00.945,1868154.0,4.0,1:15.496,1,Término Competitivo
241,1125,830,9,1,4,1.0,1,1,8,19,32:04.660,1924660.0,3.0,1:40.331,1,Término Competitivo
242,1125,1,131,44,2,2.0,2,2,7,19,+13.043,1937703.0,3.0,1:40.420,1,Término Competitivo
243,1125,815,9,11,6,3.0,3,3,6,19,+15.258,1939918.0,4.0,1:41.065,1,Término Competitivo
244,1125,844,6,16,7,4.0,4,4,5,19,+17.486,1942146.0,4.0,1:41.003,1,Término Competitivo
245,1125,832,6,55,5,5.0,5,5,4,19,+20.696,1945356.0,4.0,1:40.962,1,Término Competitivo
246,1125,846,1,4,1,6.0,6,6,3,19,+22.088,1946748.0,4.0,1:40.951,1,Término Competitivo
247,1125,857,1,81,8,7.0,7,7,2,19,+24.713,1949373.0,3.0,1:41.107,1,Término Competitivo
248,1125,847,131,63,11,8.0,8,8,1,19,+25.696,1950356.0,5.0,1:41.505,1,Término Competitivo
249,1125,855,15,24,10,9.0,9,9,0,19,+31.951,1956611.0,4.0,1:41.502,1,Término Competitivo
250,1125,825,210,20,12,10.0,10,10,0,19,+37.398,1962058.0,5.0,1:42.092,1,Término Competitivo
251,1125,817,215,3,14,11.0,11,11,0,19,+37.840,1962500.0,6.0,1:42.234,1,Término Competitivo
252,1125,822,15,77,9,12.0,12,12,0,19,+38.295,1962955.0,6.0,1:42.140,1,Término Competitivo
253,1125,839,214,31,17,13.0,13,13,0,19,+39.841,1964501.0,4.0,1:42.191,1,Término Competitivo
254,1125,840,117,18,15,14.0,14,14,0,19,+40.299,1964959.0,5.0,1:42.258,1,Término Competitivo
255,1125,842,214,10,16,15.0,15,15,0,19,+40.838,1965498.0,4.0,1:42.017,1,Término Competitivo
256,1125,852,215,22,19,16.0,16,16,0,19,+41.870,1966530.0,4.0,1:42.056,1,Término Competitivo
257,1125,848,3,23,18,17.0,17,17,0,19,+42.998,1967658.0,8.0,1:42.389,1,Término Competitivo
258,1125,858,3,2,20,18.0,18,18,0,19,+46.352,1971012.0,7.0,1:42.516,1,Término Competitivo
259,1125,807,210,27,13,19.0,19,19,0,19,+49.630,1974290.0,5.0,1:42.315,1,Término Competitivo
260,1125,4,117,14,3,20.0,20,20,0,17,,,3.0,1:40.537,31,Procedimento/Regulamentação
261,1126,830,9,1,1,1.0,1,1,8,19,31:31.383,1891383.0,4.0,1:30.415,1,Término Competitivo
262,1126,844,6,16,2,2.0,2,2,7,19,+3.371,1894754.0,4.0,1:30.807,1,Término Competitivo
263,1126,815,9,11,3,3.0,3,3,6,19,+5.095,1896478.0,19.0,1:30.921,1,Término Competitivo
264,1126,817,215,3,4,4.0,4,4,5,19,+14.971,1906354.0,4.0,1:31.505,1,Término Competitivo
265,1126,832,6,55,5,5.0,5,5,4,19,+15.222,1906605.0,17.0,1:31.568,1,Término Competitivo
266,1126,857,1,81,6,6.0,6,6,3,19,+15.750,1907133.0,19.0,1:31.393,1,Término Competitivo
267,1126,807,210,27,10,7.0,7,7,2,19,+22.054,1913437.0,8.0,1:31.963,1,Término Competitivo
268,1126,852,215,22,15,8.0,8,8,1,19,+29.816,1921199.0,16.0,1:31.844,1,Término Competitivo
269,1126,842,214,10,16,9.0,9,9,0,19,+31.880,1923263.0,6.0,1:32.148,1,Término Competitivo
270,1126,858,3,2,18,10.0,10,10,0,19,+34.355,1925738.0,6.0,1:32.192,1,Término Competitivo
271,1126,855,15,24,17,11.0,11,11,0,19,+35.078,1926461.0,7.0,1:32.131,1,Término Competitivo
272,1126,847,131,63,11,12.0,12,12,0,19,+35.755,1927138.0,8.0,1:32.173,1,Término Competitivo
273,1126,848,3,23,20,13.0,13,13,0,19,+36.086,1927469.0,6.0,1:32.223,1,Término Competitivo
274,1126,822,15,77,19,14.0,14,14,0,19,+36.892,1928275.0,7.0,1:32.462,1,Término Competitivo
275,1126,839,214,31,13,15.0,15,15,0,19,+37.740,1929123.0,19.0,1:32.218,1,Término Competitivo
276,1126,1,131,44,12,16.0,16,16,0,19,+49.347,1940730.0,16.0,1:31.830,1,Término Competitivo
277,1126,4,117,14,8,17.0,17,17,0,19,+59.409,1950792.0,7.0,1:32.355,1,Término Competitivo
278,1126,825,210,20,14,18.0,18,18,0,19,+1:06.303,1957686.0,5.0,1:32.113,1,Término Competitivo
279,1126,840,117,18,7,19.0,19,19,0,1,,,,,31,Procedimento/Regulamentação
280,1126,846,1,4,9,20.0,20,20,0,0,,,,,31,Procedimento/Regulamentação
281,1131,830,9,1,1,1.0,1,1,8,23,26:41.389,1601389.0,8.0,1:09.013,1,Término Competitivo
282,1131,857,1,81,3,2.0,2,2,7,23,+4.616,1606005.0,2.0,1:08.980,1,Término Competitivo
283,1131,846,1,4,2,3.0,3,3,6,23,+5.348,1606737.0,2.0,1:08.935,1,Término Competitivo
284,1131,847,131,63,4,4.0,4,4,5,23,+8.354,1609743.0,4.0,1:09.194,1,Término Competitivo
285,1131,832,6,55,5,5.0,5,5,4,23,+9.989,1611378.0,4.0,1:09.121,1,Término Competitivo
286,1131,1,131,44,6,6.0,6,6,3,23,+11.207,1612596.0,5.0,1:09.265,1,Término Competitivo
287,1131,844,6,16,10,7.0,7,7,2,23,+13.424,1614813.0,5.0,1:09.352,1,Término Competitivo
288,1131,815,9,11,7,8.0,8,8,1,23,+17.409,1618798.0,4.0,1:09.420,1,Término Competitivo
289,1131,825,210,20,11,9.0,9,9,0,23,+24.067,1625456.0,13.0,1:09.942,1,Término Competitivo
290,1131,840,117,18,12,10.0,10,10,0,23,+30.175,1631564.0,11.0,1:10.260,1,Término Competitivo
291,1131,839,214,31,8,11.0,11,11,0,23,+30.839,1632228.0,9.0,1:10.254,1,Término Competitivo
292,1131,842,214,10,9,12.0,12,12,0,23,+31.308,1632697.0,10.0,1:10.168,1,Término Competitivo
293,1131,852,215,22,14,13.0,13,13,0,23,+35.452,1636841.0,5.0,1:10.363,1,Término Competitivo
294,1131,817,215,3,16,14.0,14,14,0,23,+39.397,1640786.0,5.0,1:10.480,1,Término Competitivo
295,1131,4,117,14,13,15.0,15,15,0,23,+43.155,1644544.0,5.0,1:10.393,1,Término Competitivo
296,1131,858,3,2,15,16.0,16,16,0,23,+44.076,1645465.0,6.0,1:10.488,1,Término Competitivo
297,1131,848,3,23,0,17.0,17,17,0,23,+44.673,1646062.0,8.0,1:10.562,1,Término Competitivo
298,1131,822,15,77,18,18.0,18,18,0,23,+46.511,1647900.0,8.0,1:10.590,1,Término Competitivo
299,1131,807,210,27,17,19.0,19,19,0,23,+48.423,1649812.0,4.0,1:10.512,1,Término Competitivo
300,1131,855,15,24,19,20.0,20,20,0,23,+53.143,1654532.0,6.0,1:10.613,1,Término Competitivo
301,1139,830,9,1,1,1.0,1,1,8,19,31:06.146,1866146.0,19.0,1:37.463,1,Término Competitivo
302,1139,832,6,55,5,2.0,2,2,7,19,+3.882,1870028.0,19.0,1:37.552,1,Término Competitivo
303,1139,846,1,4,4,3.0,3,3,6,19,+6.240,1872386.0,17.0,1:38.045,1,Término Competitivo
304,1139,844,6,16,3,4.0,4,4,5,19,+6.956,1873102.0,11.0,1:37.748,1,Término Competitivo
305,1139,847,131,63,2,5.0,5,5,4,19,+15.766,1881912.0,4.0,1:38.301,1,Término Competitivo
306,1139,1,131,44,7,6.0,6,6,3,19,+18.724,1884870.0,17.0,1:38.372,1,Término Competitivo
307,1139,825,210,20,8,7.0,7,7,2,19,+25.161,1891307.0,6.0,1:38.602,1,Término Competitivo
308,1139,807,210,27,6,8.0,8,8,1,19,+26.588,1892734.0,16.0,1:38.746,1,Término Competitivo
309,1139,815,9,11,11,9.0,9,9,0,19,+29.950,1896096.0,19.0,1:38.452,1,Término Competitivo
310,1139,857,1,81,16,10.0,10,10,0,19,+37.059,1903205.0,19.0,1:37.567,1,Término Competitivo
311,1139,852,215,22,9,11.0,11,11,0,19,+38.363,1904509.0,19.0,1:39.136,1,Término Competitivo
312,1139,861,3,43,10,12.0,12,12,0,19,+39.460,1905606.0,19.0,1:39.335,1,Término Competitivo
313,1139,840,117,18,13,13.0,13,13,0,19,+41.236,1907382.0,19.0,1:39.532,1,Término Competitivo
314,1139,842,214,10,12,14.0,14,14,0,19,+41.995,1908141.0,19.0,1:39.438,1,Término Competitivo
315,1139,839,214,31,17,15.0,15,15,0,19,+42.804,1908950.0,7.0,1:38.835,1,Término Competitivo
316,1139,859,215,30,15,16.0,16,16,0,19,+44.008,1910154.0,7.0,1:39.237,1,Término Competitivo
317,1139,848,3,23,0,17.0,17,17,0,19,+44.564,1910710.0,17.0,1:39.198,1,Término Competitivo
318,1139,4,117,14,14,18.0,18,18,0,19,+46.807,1912953.0,18.0,1:39.250,1,Término Competitivo
319,1139,855,15,24,19,19.0,19,19,0,19,+52.842,1918988.0,17.0,1:39.705,1,Término Competitivo
320,1139,822,15,77,18,20.0,20,20,0,19,+54.476,1920622.0,16.0,1:39.642,1,Término Competitivo
321,1141,846,1,4,2,1.0,1,1,8,24,29:46.045,1786045.0,15.0,1:11.917,1,Término Competitivo
322,1141,857,1,81,1,2.0,2,2,7,24,+0.593,1786638.0,17.0,1:11.783,1,Término Competitivo
323,1141,844,6,16,3,3.0,3,3,6,24,+5.656,1791701.0,3.0,1:11.914,1,Término Competitivo
324,1141,830,9,1,4,4.0,4,4,5,24,+6.497,1792542.0,18.0,1:11.852,1,Término Competitivo
325,1141,832,6,55,5,5.0,5,5,4,24,+7.224,1793269.0,17.0,1:11.975,1,Término Competitivo
326,1141,847,131,63,6,6.0,6,6,3,24,+12.475,1798520.0,12.0,1:12.142,1,Término Competitivo
327,1141,842,214,10,7,7.0,7,7,2,24,+18.161,1804206.0,19.0,1:12.400,1,Término Competitivo
328,1141,815,9,11,13,8.0,8,8,1,24,+18.717,1804762.0,24.0,1:11.678,1,Término Competitivo
329,1141,859,215,30,8,9.0,9,9,0,24,+20.773,1806818.0,18.0,1:12.596,1,Término Competitivo
330,1141,848,3,23,9,10.0,10,10,0,24,+24.606,1810651.0,24.0,1:11.692,1,Término Competitivo
331,1141,1,131,44,11,11.0,11,11,0,24,+29.764,1815809.0,21.0,1:12.546,1,Término Competitivo
332,1141,861,3,43,14,12.0,12,12,0,24,+33.233,1819278.0,15.0,1:12.701,1,Término Competitivo
333,1141,839,214,31,16,13.0,13,13,0,24,+34.128,1820173.0,16.0,1:12.882,1,Término Competitivo
334,1141,860,210,50,10,14.0,14,14,0,24,+35.507,1821552.0,4.0,1:12.974,1,Término Competitivo
335,1141,852,215,22,17,15.0,15,15,0,24,+41.374,1827419.0,14.0,1:12.838,1,Término Competitivo
336,1141,822,15,77,15,16.0,16,16,0,24,+43.231,1829276.0,24.0,1:12.698,1,Término Competitivo
337,1141,855,15,24,0,17.0,17,17,0,24,+54.139,1840184.0,3.0,1:13.559,1,Término Competitivo
338,1141,4,117,14,0,18.0,18,18,0,24,+56.537,1842582.0,16.0,1:13.111,1,Término Competitivo
339,1141,840,117,18,0,19.0,19,19,0,24,+57.983,1844028.0,3.0,1:13.560,1,Término Competitivo
340,1141,807,210,27,12,20.0,20,20,0,19,,,16.0,1:12.879,43,Falha Mecânica
341,1143,857,1,81,3,1.0,1,1,8,19,27:03.010,1623010.0,17.0,1:24.494,1,Término Competitivo
342,1143,846,1,4,1,2.0,2,2,7,19,+0.136,1623146.0,13.0,1:24.329,1,Término Competitivo
343,1143,847,131,63,2,3.0,3,3,6,19,+0.410,1623420.0,18.0,1:24.380,1,Término Competitivo
344,1143,832,6,55,4,4.0,4,4,5,19,+1.326,1624336.0,16.0,1:24.405,1,Término Competitivo
345,1143,844,6,16,5,5.0,5,5,4,19,+5.073,1628083.0,18.0,1:23.923,1,Término Competitivo
346,1143,1,131,44,7,6.0,6,6,3,19,+5.650,1628660.0,18.0,1:24.337,1,Término Competitivo
347,1143,807,210,27,9,7.0,7,7,2,19,+8.508,1631518.0,18.0,1:24.284,1,Término Competitivo
348,1143,830,9,1,6,8.0,8,8,1,19,+10.368,1633378.0,18.0,1:24.577,1,Término Competitivo
349,1143,842,214,10,8,9.0,9,9,0,19,+14.513,1637523.0,19.0,1:24.930,1,Término Competitivo
350,1143,825,210,20,15,10.0,10,10,0,19,+15.485,1638495.0,18.0,1:24.568,1,Término Competitivo
351,1143,4,117,14,11,11.0,11,11,0,19,+19.204,1642214.0,19.0,1:24.281,1,Término Competitivo
352,1143,822,15,77,13,12.0,12,12,0,19,+23.351,1646361.0,12.0,1:25.447,1,Término Competitivo
353,1143,840,117,18,14,13.0,13,13,0,19,+24.421,1647431.0,18.0,1:25.369,1,Término Competitivo
354,1143,839,214,31,17,14.0,14,14,0,19,+30.379,1653389.0,19.0,1:25.598,1,Término Competitivo
355,1143,848,3,23,12,15.0,15,15,0,19,+33.062,1656072.0,18.0,1:25.443,1,Término Competitivo
356,1143,859,215,30,10,16.0,16,16,0,19,+34.356,1657366.0,18.0,1:25.762,1,Término Competitivo
357,1143,852,215,22,16,17.0,17,17,0,19,+35.102,1658112.0,17.0,1:25.838,1,Término Competitivo
358,1143,861,3,43,0,18.0,18,18,0,19,+35.639,1658649.0,18.0,1:25.599,1,Término Competitivo
359,1143,855,15,24,18,19.0,19,19,0,19,+1:11.436,1694446.0,19.0,1:25.051,1,Término Competitivo
360,1143,815,9,11,0,20.0,20,20,0,19,+1:14.371,1697381.0,18.0,1:24.892,1,Término Competitivo
